34807.696245666186,34807.696245666186,34807.696245666186,35785.57529739495,35785.57529739495,35785.57529739495,41612.10782911019,41612.10782911019,41612.10782911019,42303.59195938471,42303.59195938471,42303.59195938471,51755.148372694435,51755.148372694435,51755.148372694435,52466.0441681506,52466.0441681506,52466.0441681506,75127.59859914734,75127.59859914734,75127.59859914734,78383.44937383241,78383.44937383241,78383.44937383241,78383.44937383241,78383.44937383241,78383.44937383241,75127.59859914734,75127.59859914734,75127.59859914734,52466.0441681506,52466.0441681506,52466.0441681506,51755.148372694435,51755.148372694435,51755.148372694435,42303.59195938471,42303.59195938471,42303.59195938471,41612.10782911019,41612.10782911019,41612.10782911019,35785.57529739495,35785.57529739495,35785.57529739495,34807.696245666186,34807.696245666186,34807.696245666186
104423.08873699856,104423.08873699856,104423.08873699856,107356.72589218484,107356.72589218484,107356.72589218484,124836.32348733056,124836.32348733056,124836.32348733056,126910.7758781541,126910.7758781541,126910.7758781541,155265.4451180833,155265.4451180833,155265.4451180833,157398.1325044518,157398.1325044518,157398.1325044518,225382.79579744206,225382.79579744206,225382.79579744206,235150.34812149723,235150.34812149723,235150.34812149723,235150.34812149723,235150.34812149723,235150.34812149723,225382.79579744206,225382.79579744206,225382.79579744206,157398.1325044518,157398.1325044518,157398.1325044518,155265.4451180833,155265.4451180833,155265.4451180833,126910.7758781541,126910.7758781541,126910.7758781541,124836.32348733056,124836.32348733056,124836.32348733056,107356.72589218484,107356.72589218484,107356.72589218484,104423.08873699856,104423.08873699856,104423.08873699856
174038.4812283309,174038.4812283309,174038.4812283309,178927.8764869747,178927.8764869747,178927.8764869747,208060.53914555092,208060.53914555092,208060.53914555092,211517.9597969235,211517.9597969235,211517.9597969235,258775.74186347215,258775.74186347215,258775.74186347215,262330.22084075294,262330.22084075294,262330.22084075294,375637.9929957367,375637.9929957367,375637.9929957367,391917.246869162,391917.246869162,391917.246869162,391917.246869162,391917.246869162,391917.246869162,375637.9929957367,375637.9929957367,375637.9929957367,262330.22084075294,262330.22084075294,262330.22084075294,258775.74186347215,258775.74186347215,258775.74186347215,211517.9597969235,211517.9597969235,211517.9597969235,208060.53914555092,208060.53914555092,208060.53914555092,178927.8764869747,178927.8764869747,178927.8764869747,174038.4812283309,174038.4812283309,174038.4812283309
243653.8737196633,243653.8737196633,243653.8737196633,250499.02708176465,250499.02708176465,250499.02708176465,291284.7548037713,291284.7548037713,291284.7548037713,296125.1437156929,296125.1437156929,296125.1437156929,362286.03860886104,362286.03860886104,362286.03860886104,367262.3091770542,367262.3091770542,367262.3091770542,525893.1901940315,525893.1901940315,525893.1901940315,548684.145616827,548684.145616827,548684.145616827,548684.145616827,548684.145616827,548684.145616827,525893.1901940315,525893.1901940315,525893.1901940315,367262.3091770542,367262.3091770542,367262.3091770542,362286.03860886104,362286.03860886104,362286.03860886104,296125.1437156929,296125.1437156929,296125.1437156929,291284.7548037713,291284.7548037713,291284.7548037713,250499.02708176465,250499.02708176465,250499.02708176465,243653.8737196633,243653.8737196633,243653.8737196633
313269.2662109957,313269.2662109957,313269.2662109957,322070.1776765545,322070.1776765545,322070.1776765545,374508.9704619917,374508.9704619917,374508.9704619917,380732.32763446233,380732.32763446233,380732.32763446233,465796.33535424987,465796.33535424987,465796.33535424987,472194.39751335536,472194.39751335536,472194.39751335536,676148.3873923261,676148.3873923261,676148.3873923261,705451.0443644917,705451.0443644917,705451.0443644917,705451.0443644917,705451.0443644917,705451.0443644917,676148.3873923261,676148.3873923261,676148.3873923261,472194.39751335536,472194.39751335536,472194.39751335536,465796.33535424987,465796.33535424987,465796.33535424987,380732.32763446233,380732.32763446233,380732.32763446233,374508.9704619917,374508.9704619917,374508.9704619917,322070.1776765545,322070.1776765545,322070.1776765545,313269.2662109957,313269.2662109957,313269.2662109957
382884.658702328,382884.658702328,382884.658702328,393641.32827134436,393641.32827134436,393641.32827134436,457733.186120212,457733.186120212,457733.186120212,465339.5115532317,465339.5115532317,465339.5115532317,569306.6320996387,569306.6320996387,569306.6320996387,577126.4858496565,577126.4858496565,577126.4858496565,826403.5845906207,826403.5845906207,826403.5845906207,862217.9431121564,862217.9431121564,862217.9431121564,862217.9431121564,862217.9431121564,862217.9431121564,826403.5845906207,826403.5845906207,826403.5845906207,577126.4858496565,577126.4858496565,577126.4858496565,569306.6320996387,569306.6320996387,569306.6320996387,465339.5115532317,465339.5115532317,465339.5115532317,457733.186120212,457733.186120212,457733.186120212,393641.32827134436,393641.32827134436,393641.32827134436,382884.658702328,382884.658702328,382884.658702328
452500.05119366036,452500.05119366036,452500.05119366036,465212.4788661343,465212.4788661343,465212.4788661343,540957.4017784324,540957.4017784324,540957.4017784324,549946.6954720011,549946.6954720011,549946.6954720011,672816.9288450276,672816.9288450276,672816.9288450276,682058.5741859578,682058.5741859578,682058.5741859578,976658.7817889155,976658.7817889155,976658.7817889155,1018984.8418598213,1018984.8418598213,1018984.8418598213,1018984.8418598213,1018984.8418598213,1018984.8418598213,976658.7817889155,976658.7817889155,976658.7817889155,682058.5741859578,682058.5741859578,682058.5741859578,672816.9288450276,672816.9288450276,672816.9288450276,549946.6954720011,549946.6954720011,549946.6954720011,540957.4017784324,540957.4017784324,540957.4017784324,465212.4788661343,465212.4788661343,465212.4788661343,452500.05119366036,452500.05119366036,452500.05119366036
503057.52586463356,503057.52586463356,503057.52586463356,509009.30109139194,509009.30109139194,509009.30109139194,601415.2037752747,601415.2037752747,601415.2037752747,609714.1527470219,609714.1527470219,609714.1527470219,748305.2795815675,748305.2795815675,748305.2795815675,749855.637142029,749855.637142029,749855.637142029,1085560.6948274716,1085560.6948274716,1085560.6948274716,1130444.4389254046,1130444.4389254046,1130444.4389254046,1130444.4389254046,1130444.4389254046,1130444.4389254046,1085560.6948274716,1085560.6948274716,1085560.6948274716,749855.637142029,749855.637142029,749855.637142029,748305.2795815675,748305.2795815675,748305.2795815675,609714.1527470219,609714.1527470219,609714.1527470219,601415.2037752747,601415.2037752747,601415.2037752747,509009.30109139194,509009.30109139194,509009.30109139194,503057.52586463356,503057.52586463356,503057.52586463356
502374.475659111,502374.475659111,502374.475659111,509981.4469107123,509981.4469107123,509981.4469107123,600361.3313157414,600361.3313157414,600361.3313157414,610756.4376701778,610756.4376701778,610756.4376701778,748069.3049214275,748069.3049214275,748069.3049214275,750030.6248792104,750030.6248792104,750030.6248792104,1083473.5984987575,1083473.5984987575,1083473.5984987575,1132141.258985611,1132141.258985611,1132141.258985611,1132141.258985611,1132141.258985611,1132141.258985611,1083473.5984987575,1083473.5984987575,1083473.5984987575,750030.6248792104,750030.6248792104,750030.6248792104,748069.3049214275,748069.3049214275,748069.3049214275,610756.4376701778,610756.4376701778,610756.4376701778,600361.3313157414,600361.3313157414,600361.3313157414,509981.4469107123,509981.4469107123,509981.4469107123,502374.475659111,502374.475659111,502374.475659111
501691.1958661348,501691.1958661348,501691.1958661348,510758.8050994552,510758.8050994552,510758.8050994552,599306.2046543818,599306.2046543818,599306.2046543818,611797.3773360497,611797.3773360497,611797.3773360497,747863.9415765584,747863.9415765584,747863.9415765584,750230.9844234136,750230.9844234136,750230.9844234136,1081707.8130630099,1081707.8130630099,1081707.8130630099,1133818.6677489816,1133818.6677489816,1133818.6677489816,1133818.6677489816,1133818.6677489816,1133818.6677489816,1081707.8130630099,1081707.8130630099,1081707.8130630099,750230.9844234136,750230.9844234136,750230.9844234136,747863.9415765584,747863.9415765584,747863.9415765584,611797.3773360497,611797.3773360497,611797.3773360497,599306.2046543818,599306.2046543818,599306.2046543818,510758.8050994552,510758.8050994552,510758.8050994552,501691.1958661348,501691.1958661348,501691.1958661348
501007.689060287,501007.689060287,501007.689060287,511535.84190894786,511535.84190894786,511535.84190894786,598249.8327571696,598249.8327571696,598249.8327571696,613044.7159744462,613044.7159744462,613044.7159744462,747620.7549956924,747620.7549956924,747620.7549956924,750399.455604817,750399.455604817,750399.455604817,1080861.3400249693,1080861.3400249693,1080861.3400249693,1135580.0467839087,1135580.0467839087,1135580.0467839087,1135580.0467839087,1135580.0467839087,1135580.0467839087,1080861.3400249693,1080861.3400249693,1080861.3400249693,750399.455604817,750399.455604817,750399.455604817,747620.7549956924,747620.7549956924,747620.7549956924,613044.7159744462,613044.7159744462,613044.7159744462,598249.8327571696,598249.8327571696,598249.8327571696,511535.84190894786,511535.84190894786,511535.84190894786,501007.689060287,501007.689060287,501007.689060287
500152.99020808697,500152.99020808697,500152.99020808697,512506.682088509,512506.682088509,512506.682088509,597192.2245492487,597192.2245492487,597192.2245492487,614082.6629768927,614082.6629768927,614082.6629768927,746792.9516392818,746792.9516392818,746792.9516392818,750592.1777716961,750592.1777716961,750592.1777716961,1080765.0850683474,1080765.0850683474,1080765.0850683474,1137661.9859781049,1137661.9859781049,1137661.9859781049,1137661.9859781049,1137661.9859781049,1137661.9859781049,1080765.0850683474,1080765.0850683474,1080765.0850683474,750592.1777716961,750592.1777716961,750592.1777716961,746792.9516392818,746792.9516392818,746792.9516392818,614082.6629768927,614082.6629768927,614082.6629768927,597192.2245492487,597192.2245492487,597192.2245492487,512506.682088509,512506.682088509,512506.682088509,500152.99020808697,500152.99020808697,500152.99020808697
499468.9819397319,499468.9819397319,499468.9819397319,513282.9864245772,513282.9864245772,513282.9864245772,596133.3889145856,596133.3889145856,596133.3889145856,615119.2345524948,615119.2345524948,615119.2345524948,745879.9902096429,745879.9902096429,745879.9902096429,752004.2541774623,752004.2541774623,752004.2541774623,1080644.2561931817,1080644.2561931817,1080644.2561931817,1141734.254708877,1141734.254708877,1141734.254708877,1141734.254708877,1141734.254708877,1141734.254708877,1080644.2561931817,1080644.2561931817,1080644.2561931817,752004.2541774623,752004.2541774623,752004.2541774623,745879.9902096429,745879.9902096429,745879.9902096429,615119.2345524948,615119.2345524948,615119.2345524948,596133.3889145856,596133.3889145856,596133.3889145856,513282.9864245772,513282.9864245772,513282.9864245772,499468.9819397319,499468.9819397319,499468.9819397319
498784.7548966397,498784.7548966397,498784.7548966397,514058.96100348234,514058.96100348234,514058.96100348234,594861.1783969104,594861.1783969104,594861.1783969104,616154.421198038,616154.421198038,616154.421198038,736295.4935126406,736295.4935126406,736295.4935126406,753492.613548,753492.613548,753492.613548,1080523.0037709717,1080523.0037709717,1080523.0037709717,1148561.4126742876,1148561.4126742876,1148561.4126742876,1148561.4126742876,1148561.4126742876,1148561.4126742876,1080523.0037709717,1080523.0037709717,1080523.0037709717,753492.613548,753492.613548,753492.613548,736295.4935126406,736295.4935126406,736295.4935126406,616154.421198038,616154.421198038,616154.421198038,594861.1783969104,594861.1783969104,594861.1783969104,514058.96100348234,514058.96100348234,514058.96100348234,498784.7548966397,498784.7548966397,498784.7548966397
498100.3115737192,498100.3115737192,498100.3115737192,515028.4615082716,515028.4615082716,515028.4615082716,593799.6734898577,593799.6734898577,593799.6734898577,617394.8036325825,617394.8036325825,617394.8036325825,727393.0815455558,727393.0815455558,727393.0815455558,756683.4895005806,756683.4895005806,756683.4895005806,1080374.3665223639,1080374.3665223639,1080374.3665223639,1156236.9406264203,1156236.9406264203,1156236.9406264203,1156236.9406264203,1156236.9406264203,1156236.9406264203,1080374.3665223639,1080374.3665223639,1080374.3665223639,756683.4895005806,756683.4895005806,756683.4895005806,727393.0815455558,727393.0815455558,727393.0815455558,617394.8036325825,617394.8036325825,617394.8036325825,593799.6734898577,593799.6734898577,593799.6734898577,515028.4615082716,515028.4615082716,515028.4615082716,498100.3115737192,498100.3115737192,498100.3115737192
497244.45704689465,497244.45704689465,497244.45704689465,515803.684511402,515803.684511402,515803.684511402,592736.9693040608,592736.9693040608,592736.9693040608,618426.9098081931,618426.9098081931,618426.9098081931,721236.0383170344,721236.0383170344,721236.0383170344,759490.8241406021,759490.8241406021,759490.8241406021,1080228.0589864708,1080228.0589864708,1080228.0589864708,1160974.6521906096,1160974.6521906096,1160974.6521906096,1160974.6521906096,1160974.6521906096,1160974.6521906096,1080228.0589864708,1080228.0589864708,1080228.0589864708,759490.8241406021,759490.8241406021,759490.8241406021,721236.0383170344,721236.0383170344,721236.0383170344,618426.9098081931,618426.9098081931,618426.9098081931,592736.9693040608,592736.9693040608,592736.9693040608,515803.684511402,515803.684511402,515803.684511402,497244.45704689465,497244.45704689465,497244.45704689465
496559.5361187179,496559.5361187179,496559.5361187179,516578.56915575615,516578.56915575615,516578.56915575615,591673.0745468286,591673.0745468286,591673.0745468286,619457.6004094403,619457.6004094403,619457.6004094403,719355.011013991,719355.011013991,719355.011013991,762759.039590473,762759.039590473,762759.039590473,1080069.866053118,1080069.866053118,1080069.866053118,1163249.8309872216,1163249.8309872216,1163249.8309872216,1163249.8309872216,1163249.8309872216,1163249.8309872216,1080069.866053118,1080069.866053118,1080069.866053118,762759.039590473,762759.039590473,762759.039590473,719355.011013991,719355.011013991,719355.011013991,619457.6004094403,619457.6004094403,619457.6004094403,591673.0745468286,591673.0745468286,591673.0745468286,516578.56915575615,516578.56915575615,516578.56915575615,496559.5361187179,496559.5361187179,496559.5361187179
495874.40688886034,495874.40688886034,495874.40688886034,517546.69504197204,517546.69504197204,517546.69504197204,590800.657935874,590800.657935874,590800.657935874,620692.5469860755,620692.5469860755,620692.5469860755,717155.1569658901,717155.1569658901,717155.1569658901,765718.5120995524,765718.5120995524,765718.5120995524,1079880.1448867917,1079880.1448867917,1079880.1448867917,1164773.6694017774,1164773.6694017774,1164773.6694017774,1164773.6694017774,1164773.6694017774,1164773.6694017774,1079880.1448867917,1079880.1448867917,1079880.1448867917,765718.5120995524,765718.5120995524,765718.5120995524,717155.1569658901,717155.1569658901,717155.1569658901,620692.5469860755,620692.5469860755,620692.5469860755,590800.657935874,590800.657935874,590800.657935874,517546.69504197204,517546.69504197204,517546.69504197204,495874.40688886034,495874.40688886034,495874.40688886034
495189.0717719086,495189.0717719086,495189.0717719086,518320.8085066376,518320.8085066376,518320.8085066376,589991.9760988296,589991.9760988296,589991.9760988296,621719.9412363092,621719.9412363092,621719.9412363092,715775.6420951196,715775.6420951196,715775.6420951196,768195.9413630195,768195.9413630195,768195.9413630195,1079696.8305416023,1079696.8305416023,1079696.8305416023,1166278.0916063173,1166278.0916063173,1166278.0916063173,1166278.0916063173,1166278.0916063173,1166278.0916063173,1079696.8305416023,1079696.8305416023,1079696.8305416023,768195.9413630195,768195.9413630195,768195.9413630195,715775.6420951196,715775.6420951196,715775.6420951196,621719.9412363092,621719.9412363092,621719.9412363092,589991.9760988296,589991.9760988296,589991.9760988296,518320.8085066376,518320.8085066376,518320.8085066376,495189.0717719086,495189.0717719086,495189.0717719086
494282.2665204148,494282.2665204148,494282.2665204148,519287.961789137,519287.961789137,519287.961789137,589444.1359241952,589444.1359241952,589444.1359241952,622745.2970163903,622745.2970163903,622745.2970163903,714424.7339853874,714424.7339853874,714424.7339853874,770512.6882110435,770512.6882110435,770512.6882110435,1079501.604717029,1079501.604717029,1079501.604717029,1167763.1232165454,1167763.1232165454,1167763.1232165454,1167763.1232165454,1167763.1232165454,1167763.1232165454,1079501.604717029,1079501.604717029,1079501.604717029,770512.6882110435,770512.6882110435,770512.6882110435,714424.7339853874,714424.7339853874,714424.7339853874,622745.2970163903,622745.2970163903,622745.2970163903,589444.1359241952,589444.1359241952,589444.1359241952,519287.961789137,519287.961789137,519287.961789137,494282.2665204148,494282.2665204148,494282.2665204148
493488.809153279,493488.809153279,493488.809153279,520061.29021022556,520061.29021022556,520061.29021022556,589406.6815119032,589406.6815119032,589406.6815119032,623973.8013754141,623973.8013754141,623973.8013754141,713070.1151481885,713070.1151481885,713070.1151481885,772474.9222731302,772474.9222731302,772474.9222731302,1079270.709495962,1079270.709495962,1079270.709495962,1169228.7914122888,1169228.7914122888,1169228.7914122888,1169228.7914122888,1169228.7914122888,1169228.7914122888,1079270.709495962,1079270.709495962,1079270.709495962,772474.9222731302,772474.9222731302,772474.9222731302,713070.1151481885,713070.1151481885,713070.1151481885,623973.8013754141,623973.8013754141,623973.8013754141,589406.6815119032,589406.6815119032,589406.6815119032,520061.29021022556,520061.29021022556,520061.29021022556,493488.809153279,493488.809153279,493488.809153279
492695.0811171594,492695.0811171594,492695.0811171594,521027.45341052493,521027.45341052493,521027.45341052493,589368.8469306191,589368.8469306191,589368.8469306191,624995.9413756939,624995.9413756939,624995.9413756939,711711.8053404525,711711.8053404525,711711.8053404525,774796.2213723086,774796.2213723086,774796.2213723086,1078701.5857800615,1078701.5857800615,1078701.5857800615,1170675.1249203964,1170675.1249203964,1170675.1249203964,1170675.1249203964,1170675.1249203964,1170675.1249203964,1078701.5857800615,1078701.5857800615,1078701.5857800615,774796.2213723086,774796.2213723086,774796.2213723086,711711.8053404525,711711.8053404525,711711.8053404525,624995.9413756939,624995.9413756939,624995.9413756939,589368.8469306191,589368.8469306191,589368.8469306191,521027.45341052493,521027.45341052493,521027.45341052493,492695.0811171594,492695.0811171594,492695.0811171594
491884.8828760256,491884.8828760256,491884.8828760256,521799.9826866351,521799.9826866351,521799.9826866351,589330.6419398308,589330.6419398308,589330.6419398308,626016.603961694,626016.603961694,626016.603961694,710349.8243407956,710349.8243407956,710349.8243407956,777036.9329797092,777036.9329797092,777036.9329797092,1071585.194055024,1071585.194055024,1071585.194055024,1172102.1539972906,1172102.1539972906,1172102.1539972906,1172102.1539972906,1172102.1539972906,1172102.1539972906,1071585.194055024,1071585.194055024,1071585.194055024,777036.9329797092,777036.9329797092,777036.9329797092,710349.8243407956,710349.8243407956,710349.8243407956,626016.603961694,626016.603961694,626016.603961694,589330.6419398308,589330.6419398308,589330.6419398308,521799.9826866351,521799.9826866351,521799.9826866351,491884.8828760256,491884.8828760256,491884.8828760256
491054.69526940916,491054.69526940916,491054.69526940916,522572.15219897346,522572.15219897346,522572.15219897346,589292.0763167965,589292.0763167965,589292.0763167965,627237.3732661282,627237.3732661282,627237.3732661282,708984.1919475634,708984.1919475634,708984.1919475634,779300.5621547842,779300.5621547842,779300.5621547842,1056811.2406331876,1056811.2406331876,1056811.2406331876,1173509.9104111835,1173509.9104111835,1173509.9104111835,1173509.9104111835,1173509.9104111835,1173509.9104111835,1056811.2406331876,1056811.2406331876,1056811.2406331876,779300.5621547842,779300.5621547842,779300.5621547842,708984.1919475634,708984.1919475634,708984.1919475634,627237.3732661282,627237.3732661282,627237.3732661282,589292.0763167965,589292.0763167965,589292.0763167965,522572.15219897346,522572.15219897346,522572.15219897346,491054.69526940916,491054.69526940916,491054.69526940916
490224.2191206661,490224.2191206661,490224.2191206661,523536.85382352193,523536.85382352193,523536.85382352193,589253.1598564598,589253.1598564598,589253.1598564598,628251.8046485955,628251.8046485955,628251.8046485955,707614.9279768751,707614.9279768751,707614.9279768751,782099.1336267557,782099.1336267557,782099.1336267557,1045884.2401049029,1045884.2401049029,1045884.2401049029,1175619.6965583256,1175619.6965583256,1175619.6965583256,1175619.6965583256,1175619.6965583256,1175619.6965583256,1045884.2401049029,1045884.2401049029,1045884.2401049029,782099.1336267557,782099.1336267557,782099.1336267557,707614.9279768751,707614.9279768751,707614.9279768751,628251.8046485955,628251.8046485955,628251.8046485955,589253.1598564598,589253.1598564598,589253.1598564598,523536.85382352193,523536.85382352193,523536.85382352193,490224.2191206661,490224.2191206661,490224.2191206661
489185.7209109591,489185.7209109591,489185.7209109591,524308.2034053056,524308.2034053056,524308.2034053056,589213.9023713594,589213.9023713594,589213.9023713594,629264.7288694718,629264.7288694718,629264.7288694718,706242.0522606783,706242.0522606783,706242.0522606783,787264.3696178226,787264.3696178226,787264.3696178226,1037963.8194912395,1037963.8194912395,1037963.8194912395,1180142.5769224337,1180142.5769224337,1180142.5769224337,1180142.5769224337,1180142.5769224337,1180142.5769224337,1037963.8194912395,1037963.8194912395,1037963.8194912395,787264.3696178226,787264.3696178226,787264.3696178226,706242.0522606783,706242.0522606783,706242.0522606783,629264.7288694718,629264.7288694718,629264.7288694718,589213.9023713594,589213.9023713594,589213.9023713594,524308.2034053056,524308.2034053056,524308.2034053056,489185.7209109591,489185.7209109591,489185.7209109591
488354.60208379093,488354.60208379093,488354.60208379093,525271.8709787793,525271.8709787793,525271.8709787793,589174.3136915506,589174.3136915506,589174.3136915506,630478.2344726902,630478.2344726902,630478.2344726902,704865.5846448053,704865.5846448053,704865.5846448053,794099.3500500317,794099.3500500317,794099.3500500317,1030020.2755096026,1030020.2755096026,1030020.2755096026,1187531.443257162,1187531.443257162,1187531.443257162,1187531.443257162,1187531.443257162,1187531.443257162,1030020.2755096026,1030020.2755096026,1030020.2755096026,794099.3500500317,794099.3500500317,794099.3500500317,704865.5846448053,704865.5846448053,704865.5846448053,630478.2344726902,630478.2344726902,630478.2344726902,589174.3136915506,589174.3136915506,589174.3136915506,525271.8709787793,525271.8709787793,525271.8709787793,488354.60208379093,488354.60208379093,488354.60208379093
487523.20047341916,487523.20047341916,487523.20047341916,526042.3859530704,526042.3859530704,526042.3859530704,589134.4036645248,589134.4036645248,589134.4036645248,631487.8078810843,631487.8078810843,631487.8078810843,703485.5449870393,703485.5449870393,703485.5449870393,801059.9377649233,801059.9377649233,801059.9377649233,1022053.751417709,1022053.751417709,1022053.751417709,1189648.147270769,1189648.147270769,1189648.147270769,1189648.147270769,1189648.147270769,1189648.147270769,1022053.751417709,1022053.751417709,1022053.751417709,801059.9377649233,801059.9377649233,801059.9377649233,703485.5449870393,703485.5449870393,703485.5449870393,631487.8078810843,631487.8078810843,631487.8078810843,589134.4036645248,589134.4036645248,589134.4036645248,526042.3859530704,526042.3859530704,526042.3859530704,487523.20047341916,487523.20047341916,487523.20047341916
486691.51780037256,486691.51780037256,486691.51780037256,527005.0009832612,527005.0009832612,527005.0009832612,589094.1821551449,589094.1821551449,589094.1821551449,632697.2634817051,632697.2634817051,632697.2634817051,701871.0105617972,701871.0105617972,701871.0105617972,808010.916324296,808010.916324296,808010.916324296,1014064.3919585705,1014064.3919585705,1014064.3919585705,1191698.3942316025,1191698.3942316025,1191698.3942316025,1191698.3942316025,1191698.3942316025,1191698.3942316025,1014064.3919585705,1014064.3919585705,1014064.3919585705,808010.916324296,808010.916324296,808010.916324296,701871.0105617972,701871.0105617972,701871.0105617972,632697.2634817051,632697.2634817051,632697.2634817051,589094.1821551449,589094.1821551449,589094.1821551449,527005.0009832612,527005.0009832612,527005.0009832612,486691.51780037256,486691.51780037256,486691.51780037256
485859.55576086947,485859.55576086947,485859.55576086947,527774.6664397608,527774.6664397608,527774.6664397608,588528.6043248986,588528.6043248986,588528.6043248986,633703.4376255131,633703.4376255131,633703.4376255131,700483.2996482614,700483.2996482614,700483.2996482614,813961.1847184978,813961.1847184978,813961.1847184978,1011390.480679627,1011390.480679627,1011390.480679627,1196428.5702288547,1196428.5702288547,1196428.5702288547,1196428.5702288547,1196428.5702288547,1196428.5702288547,1011390.480679627,1011390.480679627,1011390.480679627,813961.1847184978,813961.1847184978,813961.1847184978,700483.2996482614,700483.2996482614,700483.2996482614,633703.4376255131,633703.4376255131,633703.4376255131,588528.6043248986,588528.6043248986,588528.6043248986,527774.6664397608,527774.6664397608,527774.6664397608,485859.55576086947,485859.55576086947,485859.55576086947
485027.31602676015,485027.31602676015,485027.31602676015,528736.2101435304,528736.2101435304,528736.2101435304,587615.9979610913,587615.9979610913,587615.9979610913,634708.0505517577,634708.0505517577,634708.0505517577,699092.0796328167,699092.0796328167,699092.0796328167,819525.2525577502,819525.2525577502,819525.2525577502,1008608.6090191595,1008608.6090191595,1008608.6090191595,1204691.3665316473,1204691.3665316473,1204691.3665316473,1204691.3665316473,1204691.3665316473,1204691.3665316473,1008608.6090191595,1008608.6090191595,1008608.6090191595,819525.2525577502,819525.2525577502,819525.2525577502,699092.0796328167,699092.0796328167,699092.0796328167,634708.0505517577,634708.0505517577,634708.0505517577,587615.9979610913,587615.9979610913,587615.9979610913,528736.2101435304,528736.2101435304,528736.2101435304,485027.31602676015,485027.31602676015,485027.31602676015
484194.800245468,484194.800245468,484194.800245468,529505.0109398144,529505.0109398144,529505.0109398144,583175.5757313704,583175.5757313704,583175.5757313704,635911.511035272,635911.511035272,635911.511035272,697697.3704023925,697697.3704023925,697697.3704023925,822512.8402548581,822512.8402548581,822512.8402548581,1006409.5936692811,1006409.5936692811,1006409.5936692811,1212168.693095668,1212168.693095668,1212168.693095668,1212168.693095668,1212168.693095668,1212168.693095668,1006409.5936692811,1006409.5936692811,1006409.5936692811,822512.8402548581,822512.8402548581,822512.8402548581,697697.3704023925,697697.3704023925,697697.3704023925,635911.511035272,635911.511035272,635911.511035272,583175.5757313704,583175.5757313704,583175.5757313704,529505.0109398144,529505.0109398144,529505.0109398144,484194.800245468,484194.800245468,484194.800245468
483153.7697976093,483153.7697976093,483153.7697976093,530465.4642446411,530465.4642446411,530465.4642446411,577999.296632813,577999.296632813,577999.296632813,636912.653698387,636912.653698387,636912.653698387,696532.4616867326,696532.4616867326,696532.4616867326,824720.0565463396,824720.0565463396,824720.0565463396,1002828.6563022974,1002828.6563022974,1002828.6563022974,1220355.924723477,1220355.924723477,1220355.924723477,1220355.924723477,1220355.924723477,1220355.924723477,1002828.6563022974,1002828.6563022974,1002828.6563022974,824720.0565463396,824720.0565463396,824720.0565463396,696532.4616867326,696532.4616867326,696532.4616867326,636912.653698387,636912.653698387,636912.653698387,577999.296632813,577999.296632813,577999.296632813,530465.4642446411,530465.4642446411,530465.4642446411,483153.7697976093,483153.7697976093,483153.7697976093
482320.6388066195,482320.6388066195,482320.6388066195,531233.3850074008,531233.3850074008,531233.3850074008,574709.6551065603,574709.6551065603,574709.6551065603,638111.9204127645,638111.9204127645,638111.9204127645,695131.407218541,695131.407218541,695131.407218541,826919.85177366,826919.85177366,826919.85177366,995560.5341290582,995560.5341290582,995560.5341290582,1229153.0766675929,1229153.0766675929,1229153.0766675929,1229153.0766675929,1229153.0766675929,1229153.0766675929,995560.5341290582,995560.5341290582,995560.5341290582,826919.85177366,826919.85177366,826919.85177366,695131.407218541,695131.407218541,695131.407218541,638111.9204127645,638111.9204127645,638111.9204127645,574709.6551065603,574709.6551065603,574709.6551065603,531233.3850074008,531233.3850074008,531233.3850074008,482320.6388066195,482320.6388066195,482320.6388066195
481487.23695315316,481487.23695315316,481487.23695315316,532192.7285529459,532192.7285529459,532192.7285529459,573591.495946326,573591.495946326,573591.495946326,639109.5436577243,639109.5436577243,639109.5436577243,693859.08310929,693859.08310929,693859.08310929,829112.1919943588,829112.1919943588,829112.1919943588,988101.8418231788,988101.8418231788,988101.8418231788,1245176.076816826,1245176.076816826,1245176.076816826,1245176.076816826,1245176.076816826,1245176.076816826,988101.8418231788,988101.8418231788,988101.8418231788,829112.1919943588,829112.1919943588,829112.1919943588,693859.08310929,693859.08310929,693859.08310929,639109.5436577243,639109.5436577243,639109.5436577243,573591.495946326,573591.495946326,573591.495946326,532192.7285529459,532192.7285529459,532192.7285529459,481487.23695315316,481487.23695315316,481487.23695315316
480653.56578015204,480653.56578015204,480653.56578015204,532959.7536792541,532959.7536792541,532959.7536792541,572472.2815964005,572472.2815964005,572472.2815964005,640304.5574552268,640304.5574552268,640304.5574552268,693551.5862494872,693551.5862494872,693551.5862494872,831297.0434632062,831297.0434632062,831297.0434632062,982365.6191603458,982365.6191603458,982365.6191603458,1253643.8202285713,1253643.8202285713,1253643.8202285713,1253643.8202285713,1253643.8202285713,1253643.8202285713,982365.6191603458,982365.6191603458,982365.6191603458,831297.0434632062,831297.0434632062,831297.0434632062,693551.5862494872,693551.5862494872,693551.5862494872,640304.5574552268,640304.5574552268,640304.5574552268,572472.2815964005,572472.2815964005,572472.2815964005,532959.7536792541,532959.7536792541,532959.7536792541,480653.56578015204,480653.56578015204,480653.56578015204
479819.626805812,479819.626805812,479819.626805812,533917.967818951,533917.967818951,533917.967818951,571352.019821094,571352.019821094,571352.019821094,641322.9988429287,641322.9988429287,641322.9988429287,693282.8630633957,693282.8630633957,693282.8630633957,833474.3726372536,833474.3726372536,833474.3726372536,981816.1736135001,981816.1736135001,981816.1736135001,1252991.432519267,1252991.432519267,1252991.432519267,1252991.432519267,1252991.432519267,1252991.432519267,981816.1736135001,981816.1736135001,981816.1736135001,833474.3726372536,833474.3726372536,833474.3726372536,693282.8630633957,693282.8630633957,693282.8630633957,641322.9988429287,641322.9988429287,641322.9988429287,571352.019821094,571352.019821094,571352.019821094,533917.967818951,533917.967818951,533917.967818951,479819.626805812,479819.626805812,479819.626805812
478985.4215235216,478985.4215235216,478985.4215235216,534684.0814775378,534684.0814775378,534684.0814775378,570230.7183342201,570230.7183342201,570230.7183342201,642678.9899573454,642678.9899573454,642678.9899573454,693337.8226880303,693337.8226880303,693337.8226880303,835644.1461808453,835644.1461808453,835644.1461808453,981187.033490131,981187.033490131,981187.033490131,1252161.9316912012,1252161.9316912012,1252161.9316912012,1252161.9316912012,1252161.9316912012,1252161.9316912012,981187.033490131,981187.033490131,981187.033490131,835644.1461808453,835644.1461808453,835644.1461808453,693337.8226880303,693337.8226880303,693337.8226880303,642678.9899573454,642678.9899573454,642678.9899573454,570230.7183342201,570230.7183342201,570230.7183342201,534684.0814775378,534684.0814775378,534684.0814775378,478985.4215235216,478985.4215235216,478985.4215235216
478150.9514018001,478150.9514018001,478150.9514018001,535641.1462802021,535641.1462802021,535641.1462802021,569417.4518631796,569417.4518631796,569417.4518631796,643807.0703455305,643807.0703455305,643807.0703455305,693390.8186910049,693390.8186910049,693390.8186910049,838114.5931004068,838114.5931004068,838114.5931004068,980618.0195643211,980618.0195643211,980618.0195643211,1251393.78799737,1251393.78799737,1251393.78799737,1251393.78799737,1251393.78799737,1251393.78799737,980618.0195643211,980618.0195643211,980618.0195643211,838114.5931004068,838114.5931004068,838114.5931004068,693390.8186910049,693390.8186910049,693390.8186910049,643807.0703455305,643807.0703455305,643807.0703455305,569417.4518631796,569417.4518631796,569417.4518631796,535641.1462802021,535641.1462802021,535641.1462802021,478150.9514018001,478150.9514018001,478150.9514018001
477316.217884232,477316.217884232,477316.217884232,536597.5638458212,536597.5638458212,536597.5638458212,568466.9860055567,568466.9860055567,568466.9860055567,645158.456479732,645158.456479732,645158.456479732,693441.8657483466,693441.8657483466,693441.8657483466,840268.0647482738,840268.0647482738,840268.0647482738,980039.8144565007,980039.8144565007,980039.8144565007,1250533.4700185484,1250533.4700185484,1250533.4700185484,1250533.4700185484,1250533.4700185484,1250533.4700185484,980039.8144565007,980039.8144565007,980039.8144565007,840268.0647482738,840268.0647482738,840268.0647482738,693441.8657483466,693441.8657483466,693441.8657483466,645158.456479732,645158.456479732,645158.456479732,568466.9860055567,568466.9860055567,568466.9860055567,536597.5638458212,536597.5638458212,536597.5638458212,477316.217884232,477316.217884232,477316.217884232
476481.2223894038,476481.2223894038,476481.2223894038,537362.2276642161,537362.2276642161,537362.2276642161,567515.614781439,567515.614781439,567515.614781439,646282.6739788348,646282.6739788348,646282.6739788348,693490.9786386377,693490.9786386377,693490.9786386377,842413.8774013983,842413.8774013983,842413.8774013983,979378.3624771961,979378.3624771961,979378.3624771961,1249657.1638765736,1249657.1638765736,1249657.1638765736,1249657.1638765736,1249657.1638765736,1249657.1638765736,979378.3624771961,979378.3624771961,979378.3624771961,842413.8774013983,842413.8774013983,842413.8774013983,693490.9786386377,693490.9786386377,693490.9786386377,646282.6739788348,646282.6739788348,646282.6739788348,567515.614781439,567515.614781439,567515.614781439,537362.2276642161,537362.2276642161,537362.2276642161,476481.2223894038,476481.2223894038,476481.2223894038
475645.9663108353,475645.9663108353,475645.9663108353,538317.4643268706,538317.4643268706,538317.4643268706,566563.3459658296,566563.3459658296,566563.3459658296,647629.3940687319,647629.3940687319,647629.3940687319,693538.1722419166,693538.1722419166,693538.1722419166,844551.9986355939,844551.9986355939,844551.9986355939,978780.6671481947,978780.6671481947,978780.6671481947,1248764.9771978927,1248764.9771978927,1248764.9771978927,1248764.9771978927,1248764.9771978927,1248764.9771978927,978780.6671481947,978780.6671481947,978780.6671481947,844551.9986355939,844551.9986355939,844551.9986355939,693538.1722419166,693538.1722419166,693538.1722419166,647629.3940687319,647629.3940687319,647629.3940687319,566563.3459658296,566563.3459658296,566563.3459658296,538317.4643268706,538317.4643268706,538317.4643268706,475645.9663108353,475645.9663108353,475645.9663108353
474810.4510169177,474810.4510169177,474810.4510169177,539081.175191461,539081.175191461,539081.175191461,565610.1872907509,565610.1872907509,565610.1872907509,648749.6976467975,648749.6976467975,648749.6976467975,693583.461538584,693583.461538584,693583.461538584,846986.1064118225,846986.1064118225,846986.1064118225,977812.9589815931,977812.9589815931,977812.9589815931,1247857.018825586,1247857.018825586,1247857.018825586,1247857.018825586,1247857.018825586,1247857.018825586,977812.9589815931,977812.9589815931,977812.9589815931,846986.1064118225,846986.1064118225,846986.1064118225,693583.461538584,693583.461538584,693583.461538584,648749.6976467975,648749.6976467975,648749.6976467975,565610.1872907509,565610.1872907509,565610.1872907509,539081.175191461,539081.175191461,539081.175191461,474810.4510169177,474810.4510169177,474810.4510169177
473974.67785084195,473974.67785084195,473974.67785084195,540035.2103000925,540035.2103000925,540035.2103000925,564656.1464450166,564656.1464450166,564656.1464450166,650091.6902837367,650091.6902837367,650091.6902837367,693626.8616083101,693626.8616083101,693626.8616083101,849107.637938245,849107.637938245,849107.637938245,975960.6736121641,975960.6736121641,975960.6736121641,1246933.3987817955,1246933.3987817955,1246933.3987817955,1246933.3987817955,1246933.3987817955,1246933.3987817955,975960.6736121641,975960.6736121641,975960.6736121641,849107.637938245,849107.637938245,849107.637938245,693626.8616083101,693626.8616083101,693626.8616083101,650091.6902837367,650091.6902837367,650091.6902837367,564656.1464450166,564656.1464450166,564656.1464450166,540035.2103000925,540035.2103000925,540035.2103000925,473974.67785084195,473974.67785084195,473974.67785084195
473138.6481305374,473138.6481305374,473138.6481305374,540797.9515783768,540797.9515783768,540797.9515783768,563892.2837447099,563892.2837447099,563892.2837447099,651208.028628087,651208.028628087,651208.028628087,693668.3876289497,693668.3876289497,693668.3876289497,851221.3776772489,851221.3776772489,851221.3776772489,964276.539143508,964276.539143508,964276.539143508,1246080.2470098515,1246080.2470098515,1246080.2470098515,1246080.2470098515,1246080.2470098515,1246080.2470098515,964276.539143508,964276.539143508,964276.539143508,851221.3776772489,851221.3776772489,851221.3776772489,693668.3876289497,693668.3876289497,693668.3876289497,651208.028628087,651208.028628087,651208.028628087,563892.2837447099,563892.2837447099,563892.2837447099,540797.9515783768,540797.9515783768,540797.9515783768,473138.6481305374,473138.6481305374,473138.6481305374
472302.3631485944,472302.3631485944,472302.3631485944,541750.7642032396,541750.7642032396,541750.7642032396,562936.6742287866,562936.6742287866,562936.6742287866,652545.2320743066,652545.2320743066,652545.2320743066,693708.054875459,693708.054875459,693708.054875459,853627.4989653078,853627.4989653078,853627.4989653078,955921.0584154733,955921.0584154733,955921.0584154733,1246326.1633946467,1246326.1633946467,1246326.1633946467,1246326.1633946467,1246326.1633946467,1246326.1633946467,955921.0584154733,955921.0584154733,955921.0584154733,853627.4989653078,853627.4989653078,853627.4989653078,693708.054875459,693708.054875459,693708.054875459,652545.2320743066,652545.2320743066,652545.2320743066,562936.6742287866,562936.6742287866,562936.6742287866,541750.7642032396,541750.7642032396,541750.7642032396,472302.3631485944,472302.3631485944,472302.3631485944
471465.8241722017,471465.8241722017,471465.8241722017,542702.8885247203,542702.8885247203,542702.8885247203,561980.2038390491,561980.2038390491,561980.2038390491,653879.7971002586,653879.7971002586,653879.7971002586,693745.8787188126,693745.8787188126,693745.8787188126,855724.4365055158,855724.4365055158,855724.4365055158,948731.1284701359,948731.1284701359,948731.1284701359,1247839.812900005,1247839.812900005,1247839.812900005,1247839.812900005,1247839.812900005,1247839.812900005,948731.1284701359,948731.1284701359,948731.1284701359,855724.4365055158,855724.4365055158,855724.4365055158,693745.8787188126,693745.8787188126,693745.8787188126,653879.7971002586,653879.7971002586,653879.7971002586,561980.2038390491,561980.2038390491,561980.2038390491,542702.8885247203,542702.8885247203,542702.8885247203,471465.8241722017,471465.8241722017,471465.8241722017
470629.03244307253,470629.03244307253,470629.03244307253,543464.0879748502,543464.0879748502,543464.0879748502,561022.8800980338,561022.8800980338,561022.8800980338,654989.9058088834,654989.9058088834,654989.9058088834,693781.8746249352,693781.8746249352,693781.8746249352,857813.4843337539,857813.4843337539,857813.4843337539,942484.197683247,942484.197683247,942484.197683247,1250224.4990858636,1250224.4990858636,1250224.4990858636,1250224.4990858636,1250224.4990858636,1250224.4990858636,942484.197683247,942484.197683247,942484.197683247,857813.4843337539,857813.4843337539,857813.4843337539,693781.8746249352,693781.8746249352,693781.8746249352,654989.9058088834,654989.9058088834,654989.9058088834,561022.8800980338,561022.8800980338,561022.8800980338,543464.0879748502,543464.0879748502,543464.0879748502,470629.03244307253,470629.03244307253,470629.03244307253
469791.98917737306,469791.98917737306,469791.98917737306,544414.9567053344,544414.9567053344,544414.9567053344,560071.7313955523,560071.7313955523,560071.7313955523,656319.5856205067,656319.5856205067,656319.5856205067,692764.6029037542,692764.6029037542,692764.6029037542,861010.6457440756,861010.6457440756,861010.6457440756,938624.4632704649,938624.4632704649,938624.4632704649,1255225.0790439867,1255225.0790439867,1255225.0790439867,1255225.0790439867,1255225.0790439867,1255225.0790439867,938624.4632704649,938624.4632704649,938624.4632704649,861010.6457440756,861010.6457440756,861010.6457440756,692764.6029037542,692764.6029037542,692764.6029037542,656319.5856205067,656319.5856205067,656319.5856205067,560071.7313955523,560071.7313955523,560071.7313955523,544414.9567053344,544414.9567053344,544414.9567053344,469791.98917737306,469791.98917737306,469791.98917737306
468954.6955656514,468954.6955656514,468954.6955656514,545365.1185547194,545365.1185547194,545365.1185547194,559321.1956469915,559321.1956469915,559321.1956469915,657425.5973039798,657425.5973039798,657425.5973039798,686332.8699852574,686332.8699852574,686332.8699852574,864743.7311642158,864743.7311642158,864743.7311642158,936695.7167859542,936695.7167859542,936695.7167859542,1264245.1114400644,1264245.1114400644,1264245.1114400644,1264245.1114400644,1264245.1114400644,1264245.1114400644,936695.7167859542,936695.7167859542,936695.7167859542,864743.7311642158,864743.7311642158,864743.7311642158,686332.8699852574,686332.8699852574,686332.8699852574,657425.5973039798,657425.5973039798,657425.5973039798,559321.1956469915,559321.1956469915,559321.1956469915,545365.1185547194,545365.1185547194,545365.1185547194,468954.6955656514,468954.6955656514,468954.6955656514
468170.1790512385,468170.1790512385,468170.1790512385,546124.7345628951,546124.7345628951,546124.7345628951,558382.2899201954,558382.2899201954,558382.2899201954,658750.3293973337,658750.3293973337,658750.3293973337,680969.7490229948,680969.7490229948,680969.7490229948,871768.5830933284,871768.5830933284,871768.5830933284,933885.9823059752,933885.9823059752,933885.9823059752,1274533.8590535778,1274533.8590535778,1274533.8590535778,1274533.8590535778,1274533.8590535778,1274533.8590535778,933885.9823059752,933885.9823059752,933885.9823059752,871768.5830933284,871768.5830933284,871768.5830933284,680969.7490229948,680969.7490229948,680969.7490229948,658750.3293973337,658750.3293973337,658750.3293973337,558382.2899201954,558382.2899201954,558382.2899201954,546124.7345628951,546124.7345628951,546124.7345628951,468170.1790512385,468170.1790512385,468170.1790512385
467586.0739496213,467586.0739496213,467586.0739496213,547073.6070505766,547073.6070505766,547073.6070505766,557442.5732688227,557442.5732688227,557442.5732688227,660072.3362926141,660072.3362926141,660072.3362926141,675585.1674305465,675585.1674305465,675585.1674305465,878772.4569314113,878772.4569314113,878772.4569314113,931741.3200139588,931741.3200139588,931741.3200139588,1283468.053161234,1283468.053161234,1283468.053161234,1283468.053161234,1283468.053161234,1283468.053161234,931741.3200139588,931741.3200139588,931741.3200139588,878772.4569314113,878772.4569314113,878772.4569314113,675585.1674305465,675585.1674305465,675585.1674305465,660072.3362926141,660072.3362926141,660072.3362926141,557442.5732688227,557442.5732688227,557442.5732688227,547073.6070505766,547073.6070505766,547073.6070505766,467586.0739496213,467586.0739496213,467586.0739496213
467001.91205391067,467001.91205391067,467001.91205391067,548021.7537127308,548021.7537127308,548021.7537127308,556502.05304272,556502.05304272,556502.05304272,661171.9134527979,661171.9134527979,661171.9134527979,673915.5833311806,673915.5833311806,673915.5833311806,886763.0377091747,886763.0377091747,886763.0377091747,929585.5821730024,929585.5821730024,929585.5821730024,1289831.614973938,1289831.614973938,1289831.614973938,1289831.614973938,1289831.614973938,1289831.614973938,929585.5821730024,929585.5821730024,929585.5821730024,886763.0377091747,886763.0377091747,886763.0377091747,673915.5833311806,673915.5833311806,673915.5833311806,661171.9134527979,661171.9134527979,661171.9134527979,556502.05304272,556502.05304272,556502.05304272,548021.7537127308,548021.7537127308,548021.7537127308,467001.91205391067,467001.91205391067,467001.91205391067
466417.6954942464,466417.6954942464,466417.6954942464,548779.7438437359,548779.7438437359,548779.7438437359,555749.0631989248,555749.0631989248,555749.0631989248,662488.8755033554,662488.8755033554,662488.8755033554,672242.7780837248,672242.7780837248,672242.7780837248,893742.5809081353,893742.5809081353,893742.5809081353,927418.8063468568,927418.8063468568,927418.8063468568,1296080.0004785105,1296080.0004785105,1296080.0004785105,1296080.0004785105,1296080.0004785105,1296080.0004785105,927418.8063468568,927418.8063468568,927418.8063468568,893742.5809081353,893742.5809081353,893742.5809081353,672242.7780837248,672242.7780837248,672242.7780837248,662488.8755033554,662488.8755033554,662488.8755033554,555749.0631989248,555749.0631989248,555749.0631989248,548779.7438437359,548779.7438437359,548779.7438437359,466417.6954942464,466417.6954942464,466417.6954942464
423735.8012056215,423735.8012056215,423735.8012056215,493621.3374082111,493621.3374082111,493621.3374082111,512702.54251598904,512702.54251598904,512702.54251598904,595861.9028136539,595861.9028136539,595861.9028136539,606976.1683318161,606976.1683318161,606976.1683318161,805234.4130276324,805234.4130276324,805234.4130276324,844220.5221594941,844220.5221594941,844220.5221594941,1166485.5280259186,1166485.5280259186,1166485.5280259186,1166485.5280259186,1166485.5280259186,1166485.5280259186,844220.5221594941,844220.5221594941,844220.5221594941,805234.4130276324,805234.4130276324,805234.4130276324,606976.1683318161,606976.1683318161,606976.1683318161,595861.9028136539,595861.9028136539,595861.9028136539,512702.54251598904,512702.54251598904,512702.54251598904,493621.3374082111,493621.3374082111,493621.3374082111,423735.8012056215,423735.8012056215,423735.8012056215
358545.6779432183,358545.6779432183,358545.6779432183,417679.5931915633,417679.5931915633,417679.5931915633,433825.2282827601,433825.2282827601,433825.2282827601,504190.8408423227,504190.8408423227,504190.8408423227,513595.2193576907,513595.2193576907,513595.2193576907,681352.195638766,681352.195638766,681352.195638766,714340.4418272645,714340.4418272645,714340.4418272645,987026.2160219315,987026.2160219315,987026.2160219315,987026.2160219315,987026.2160219315,987026.2160219315,714340.4418272645,714340.4418272645,714340.4418272645,681352.195638766,681352.195638766,681352.195638766,513595.2193576907,513595.2193576907,513595.2193576907,504190.8408423227,504190.8408423227,504190.8408423227,433825.2282827601,433825.2282827601,433825.2282827601,417679.5931915633,417679.5931915633,417679.5931915633,358545.6779432183,358545.6779432183,358545.6779432183
293355.5546808147,293355.5546808147,293355.5546808147,341737.8489749151,341737.8489749151,341737.8489749151,354947.9140495306,354947.9140495306,354947.9140495306,412519.77887099085,412519.77887099085,412519.77887099085,420214.2703835647,420214.2703835647,420214.2703835647,557469.978249899,557469.978249899,557469.978249899,584460.361495034,584460.361495034,584460.361495034,807566.9040179431,807566.9040179431,807566.9040179431,807566.9040179431,807566.9040179431,807566.9040179431,584460.361495034,584460.361495034,584460.361495034,557469.978249899,557469.978249899,557469.978249899,420214.2703835647,420214.2703835647,420214.2703835647,412519.77887099085,412519.77887099085,412519.77887099085,354947.9140495306,354947.9140495306,354947.9140495306,341737.8489749151,341737.8489749151,341737.8489749151,293355.5546808147,293355.5546808147,293355.5546808147
228165.43141841146,228165.43141841146,228165.43141841146,265796.10475826735,265796.10475826735,265796.10475826735,276070.59981630166,276070.59981630166,276070.59981630166,320848.71689965966,320848.71689965966,320848.71689965966,326833.32140943926,326833.32140943926,326833.32140943926,433587.7608610326,433587.7608610326,433587.7608610326,454580.2811628043,454580.2811628043,454580.2811628043,628107.5920139559,628107.5920139559,628107.5920139559,628107.5920139559,628107.5920139559,628107.5920139559,454580.2811628043,454580.2811628043,454580.2811628043,433587.7608610326,433587.7608610326,433587.7608610326,326833.32140943926,326833.32140943926,326833.32140943926,320848.71689965966,320848.71689965966,320848.71689965966,276070.59981630166,276070.59981630166,276070.59981630166,265796.10475826735,265796.10475826735,265796.10475826735,228165.43141841146,228165.43141841146,228165.43141841146
162975.30815600866,162975.30815600866,162975.30815600866,189854.3605416201,189854.3605416201,189854.3605416201,197193.2855830732,197193.2855830732,197193.2855830732,229177.654928329,229177.654928329,229177.654928329,233452.37243531444,233452.37243531444,233452.37243531444,309705.54347216705,309705.54347216705,309705.54347216705,324700.2008305754,324700.2008305754,324700.2008305754,448648.28000996984,448648.28000996984,448648.28000996984,448648.28000996984,448648.28000996984,448648.28000996984,324700.2008305754,324700.2008305754,324700.2008305754,309705.54347216705,309705.54347216705,309705.54347216705,233452.37243531444,233452.37243531444,233452.37243531444,229177.654928329,229177.654928329,229177.654928329,197193.2855830732,197193.2855830732,197193.2855830732,189854.3605416201,189854.3605416201,189854.3605416201,162975.30815600866,162975.30815600866,162975.30815600866
97785.18489360504,97785.18489360504,97785.18489360504,113912.61632497187,113912.61632497187,113912.61632497187,118315.9713498437,118315.9713498437,118315.9713498437,137506.59295699716,137506.59295699716,137506.59295699716,140071.42346118842,140071.42346118842,140071.42346118842,185823.3260832999,185823.3260832999,185823.3260832999,194820.12049834494,194820.12049834494,194820.12049834494,269188.9680059814,269188.9680059814,269188.9680059814,269188.9680059814,269188.9680059814,269188.9680059814,194820.12049834494,194820.12049834494,194820.12049834494,185823.3260832999,185823.3260832999,185823.3260832999,140071.42346118842,140071.42346118842,140071.42346118842,137506.59295699716,137506.59295699716,137506.59295699716,118315.9713498437,118315.9713498437,118315.9713498437,113912.61632497187,113912.61632497187,113912.61632497187,97785.18489360504,97785.18489360504,97785.18489360504
32595.061631202236,32595.061631202236,32595.061631202236,37970.872108324606,37970.872108324606,37970.872108324606,39438.65711661524,39438.65711661524,39438.65711661524,45835.530985666504,45835.530985666504,45835.530985666504,46690.474487063606,46690.474487063606,46690.474487063606,61941.10869443436,61941.10869443436,61941.10869443436,64940.04016611609,64940.04016611609,64940.04016611609,89729.65600199535,89729.65600199535,89729.65600199535,89729.65600199535,89729.65600199535,89729.65600199535,64940.04016611609,64940.04016611609,64940.04016611609,61941.10869443436,61941.10869443436,61941.10869443436,46690.474487063606,46690.474487063606,46690.474487063606,45835.530985666504,45835.530985666504,45835.530985666504,39438.65711661524,39438.65711661524,39438.65711661524,37970.872108324606,37970.872108324606,37970.872108324606,32595.061631202236,32595.061631202236,32595.061631202236
