dT,Tf,LTE
40,275,inf
51.37931034,275,inf
62.75862069,275,inf
74.13793103,275,inf
85.51724138,275,inf
96.89655172,275,inf
108.2758621,275,inf
119.6551724,275,inf
131.0344828,275,inf
142.4137931,275,inf
153.7931034,275,inf
165.1724138,275,inf
176.5517241,275,inf
187.9310345,275,inf
199.3103448,275,inf
210.6896552,275,inf
222.0689655,275,inf
233.4482759,275,inf
244.8275862,275,inf
256.2068966,275,1697.186301
267.5862069,275,708.890411
278.9655172,275,270.9753425
290.3448276,275,112.0520548
301.7241379,275,48.29315068
313.1034483,275,22.56438356
324.4827586,275,11.25205479
335.862069,275,5.928767123
347.2413793,275,3.284931507
358.6206897,275,1.904109589
370,275,1.150684932
40,285.3448276,inf
51.37931034,285.3448276,inf
62.75862069,285.3448276,inf
74.13793103,285.3448276,inf
85.51724138,285.3448276,inf
96.89655172,285.3448276,inf
108.2758621,285.3448276,inf
119.6551724,285.3448276,inf
131.0344828,285.3448276,inf
142.4137931,285.3448276,inf
153.7931034,285.3448276,inf
165.1724138,285.3448276,inf
176.5517241,285.3448276,inf
187.9310345,285.3448276,inf
199.3103448,285.3448276,inf
210.6896552,285.3448276,inf
222.0689655,285.3448276,inf
233.4482759,285.3448276,2732.832877
244.8275862,285.3448276,1390.2
256.2068966,285.3448276,734.3178082
267.5862069,285.3448276,308.6794521
278.9655172,285.3448276,122.8164384
290.3448276,285.3448276,52.72328767
301.7241379,285.3448276,23.60273973
313.1034483,285.3448276,11.42465753
324.4827586,285.3448276,5.895890411
335.862069,285.3448276,3.216438356
347.2413793,285.3448276,1.846575342
358.6206897,285.3448276,1.120547945
370,285.3448276,0.698630137
40,295.6896552,inf
51.37931034,295.6896552,inf
62.75862069,295.6896552,inf
74.13793103,295.6896552,inf
85.51724138,295.6896552,inf
96.89655172,295.6896552,inf
108.2758621,295.6896552,inf
119.6551724,295.6896552,inf
131.0344828,295.6896552,inf
142.4137931,295.6896552,inf
153.7931034,295.6896552,inf
165.1724138,295.6896552,inf
176.5517241,295.6896552,inf
187.9310345,295.6896552,inf
199.3103448,295.6896552,inf
210.6896552,295.6896552,inf
222.0689655,295.6896552,inf
233.4482759,295.6896552,1702.772603
244.8275862,295.6896552,875.0219178
256.2068966,295.6896552,468.5150685
267.5862069,295.6896552,197.2958904
278.9655172,295.6896552,79.40273973
290.3448276,295.6896552,34.4739726
301.7241379,295.6896552,15.61643836
313.1034483,295.6896552,7.649315068
324.4827586,295.6896552,3.994520548
335.862069,295.6896552,2.205479452
347.2413793,295.6896552,1.284931507
358.6206897,295.6896552,0.778082192
370,295.6896552,0.512328767
40,306.0344828,inf
51.37931034,306.0344828,inf
62.75862069,306.0344828,inf
74.13793103,306.0344828,inf
85.51724138,306.0344828,inf
96.89655172,306.0344828,inf
108.2758621,306.0344828,inf
119.6551724,306.0344828,inf
131.0344828,306.0344828,inf
142.4137931,306.0344828,inf
153.7931034,306.0344828,inf
165.1724138,306.0344828,inf
176.5517241,306.0344828,inf
187.9310345,306.0344828,inf
199.3103448,306.0344828,inf
210.6896552,306.0344828,inf
222.0689655,306.0344828,1623.909589
233.4482759,306.0344828,842.1342466
244.8275862,306.0344828,450.0821918
256.2068966,306.0344828,283.860274
267.5862069,306.0344828,105.3945205
278.9655172,306.0344828,42.6
290.3448276,306.0344828,19.02739726
301.7241379,306.0344828,8.882191781
313.1034483,306.0344828,4.482191781
324.4827586,306.0344828,2.416438356
335.862069,306.0344828,1.389041096
347.2413793,306.0344828,0.84109589
358.6206897,306.0344828,0.553424658
370,306.0344828,0.391780822
40,316.3793103,inf
51.37931034,316.3793103,inf
62.75862069,316.3793103,inf
74.13793103,316.3793103,inf
85.51724138,316.3793103,inf
96.89655172,316.3793103,inf
108.2758621,316.3793103,inf
119.6551724,316.3793103,inf
131.0344828,316.3793103,inf
142.4137931,316.3793103,inf
153.7931034,316.3793103,inf
165.1724138,316.3793103,inf
176.5517241,316.3793103,inf
187.9310345,316.3793103,inf
199.3103448,316.3793103,inf
210.6896552,316.3793103,1801.326027
222.0689655,316.3793103,915.4246575
233.4482759,316.3793103,485.8547945
244.8275862,316.3793103,265.3232877
256.2068966,316.3793103,186.8712329
267.5862069,316.3793103,63.46027397
278.9655172,316.3793103,25.67671233
290.3448276,316.3793103,11.6630137
301.7241379,316.3793103,5.545205479
313.1034483,316.3793103,2.852054795
324.4827586,316.3793103,1.569863014
335.862069,316.3793103,0.920547945
347.2413793,316.3793103,0.589041096
358.6206897,316.3793103,0.410958904
370,316.3793103,0.312328767
40,326.7241379,inf
51.37931034,326.7241379,inf
62.75862069,326.7241379,inf
74.13793103,326.7241379,inf
85.51724138,326.7241379,inf
96.89655172,326.7241379,inf
108.2758621,326.7241379,inf
119.6551724,326.7241379,inf
131.0344828,326.7241379,inf
142.4137931,326.7241379,inf
153.7931034,326.7241379,inf
165.1724138,326.7241379,inf
176.5517241,326.7241379,inf
187.9310345,326.7241379,inf
199.3103448,326.7241379,2120.112329
210.6896552,326.7241379,1084.578082
222.0689655,326.7241379,562.9013699
233.4482759,326.7241379,304.2657534
244.8275862,326.7241379,169.1178082
256.2068966,326.7241379,121.1972603
267.5862069,326.7241379,40.62191781
278.9655172,326.7241379,16.64931507
290.3448276,326.7241379,7.687671233
301.7241379,326.7241379,3.726027397
313.1034483,326.7241379,1.961643836
324.4827586,326.7241379,1.106849315
335.862069,326.7241379,0.676712329
347.2413793,326.7241379,0.452054795
358.6206897,326.7241379,0.328767123
370,326.7241379,0.263013699
40,337.0689655,inf
51.37931034,337.0689655,inf
62.75862069,337.0689655,inf
74.13793103,337.0689655,inf
85.51724138,337.0689655,inf
96.89655172,337.0689655,inf
108.2758621,337.0689655,inf
119.6551724,337.0689655,inf
131.0344828,337.0689655,inf
142.4137931,337.0689655,inf
153.7931034,337.0689655,inf
165.1724138,337.0689655,inf
176.5517241,337.0689655,inf
187.9310345,337.0689655,1885.761644
199.3103448,337.0689655,993.7780822
210.6896552,337.0689655,530.7452055
222.0689655,337.0689655,285.8547945
233.4482759,337.0689655,158.6520548
244.8275862,337.0689655,90.56712329
256.2068966,337.0689655,60.57534247
267.5862069,337.0689655,21.54246575
278.9655172,337.0689655,9.139726027
290.3448276,337.0689655,4.345205479
301.7241379,337.0689655,2.18630137
313.1034483,337.0689655,1.205479452
324.4827586,337.0689655,0.731506849
335.862069,337.0689655,0.487671233
347.2413793,337.0689655,0.361643836
358.6206897,337.0689655,0.282191781
370,337.0689655,0.24109589
40,347.4137931,inf
51.37931034,347.4137931,inf
62.75862069,347.4137931,inf
74.13793103,347.4137931,inf
85.51724138,347.4137931,inf
96.89655172,347.4137931,inf
108.2758621,347.4137931,inf
119.6551724,347.4137931,inf
131.0344828,347.4137931,inf
142.4137931,347.4137931,inf
153.7931034,347.4137931,inf
165.1724138,347.4137931,inf
176.5517241,347.4137931,2379.79726
187.9310345,347.4137931,1219.419178
199.3103448,347.4137931,648.9917808
210.6896552,347.4137931,351.3369863
222.0689655,347.4137931,191.569863
233.4482759,347.4137931,107.3013699
244.8275862,347.4137931,61.84383562
256.2068966,347.4137931,40.38082192
267.5862069,347.4137931,14.65753425
278.9655172,347.4137931,6.298630137
290.3448276,347.4137931,3.030136986
301.7241379,347.4137931,1.542465753
313.1034483,347.4137931,0.871232877
324.4827586,347.4137931,0.545205479
335.862069,347.4137931,0.383561644
347.2413793,347.4137931,0.298630137
358.6206897,347.4137931,0.246575342
370,347.4137931,0.221917808
40,357.7586207,inf
51.37931034,357.7586207,inf
62.75862069,357.7586207,inf
74.13793103,357.7586207,inf
85.51724138,357.7586207,inf
96.89655172,357.7586207,inf
108.2758621,357.7586207,inf
119.6551724,357.7586207,inf
131.0344828,357.7586207,inf
142.4137931,357.7586207,inf
153.7931034,357.7586207,inf
165.1724138,357.7586207,2065.408219
176.5517241,357.7586207,1083.134247
187.9310345,357.7586207,583.0767123
199.3103448,357.7586207,326.3863014
210.6896552,357.7586207,179.739726
222.0689655,357.7586207,102.3726027
233.4482759,357.7586207,59.13150685
244.8275862,357.7586207,36.18356164
256.2068966,357.7586207,22.30410959
267.5862069,357.7586207,8.115068493
278.9655172,357.7586207,3.621917808
290.3448276,357.7586207,1.835616438
301.7241379,357.7586207,1.01369863
313.1034483,357.7586207,0.62739726
324.4827586,357.7586207,0.430136986
335.862069,357.7586207,0.326027397
347.2413793,357.7586207,0.268493151
358.6206897,357.7586207,0.232876712
370,357.7586207,0.21369863
40,368.1034483,inf
51.37931034,368.1034483,inf
62.75862069,368.1034483,inf
74.13793103,368.1034483,inf
85.51724138,368.1034483,inf
96.89655172,368.1034483,inf
108.2758621,368.1034483,inf
119.6551724,368.1034483,inf
131.0344828,368.1034483,inf
142.4137931,368.1034483,inf
153.7931034,368.1034483,2370.282192
165.1724138,368.1034483,1213.989041
176.5517241,368.1034483,647.7342466
187.9310345,368.1034483,355.6520548
199.3103448,368.1034483,203.4027397
210.6896552,368.1034483,112.7890411
222.0689655,368.1034483,65.5369863
233.4482759,368.1034483,38.41917808
244.8275862,368.1034483,24.2630137
256.2068966,368.1034483,14.5260274
267.5862069,368.1034483,5.282191781
278.9655172,368.1034483,2.402739726
290.3448276,368.1034483,1.252054795
301.7241379,368.1034483,0.726027397
313.1034483,368.1034483,0.479452055
324.4827586,368.1034483,0.356164384
335.862069,368.1034483,0.287671233
347.2413793,368.1034483,0.249315068
358.6206897,368.1034483,0.224657534
370,368.1034483,0.208219178
40,378.4482759,inf
51.37931034,378.4482759,inf
62.75862069,378.4482759,inf
74.13793103,378.4482759,inf
85.51724138,378.4482759,inf
96.89655172,378.4482759,inf
108.2758621,378.4482759,inf
119.6551724,378.4482759,inf
131.0344828,378.4482759,inf
142.4137931,378.4482759,2496.893151
153.7931034,378.4482759,1285.383562
165.1724138,378.4482759,680.0082192
176.5517241,378.4482759,371.8191781
187.9310345,378.4482759,208.7068493
199.3103448,378.4482759,121.4136986
210.6896552,378.4482759,69.64109589
222.0689655,378.4482759,42.10410959
233.4482759,378.4482759,26.3260274
244.8275862,378.4482759,18.66849315
256.2068966,378.4482759,9.964383562
267.5862069,378.4482759,3.490410959
278.9655172,378.4482759,1.654794521
290.3448276,378.4482759,0.915068493
301.7241379,378.4482759,0.567123288
313.1034483,378.4482759,0.397260274
324.4827586,378.4482759,0.312328767
335.862069,378.4482759,0.265753425
347.2413793,378.4482759,0.235616438
358.6206897,378.4482759,0.219178082
370,378.4482759,0.208219178
40,388.7931034,inf
51.37931034,388.7931034,inf
62.75862069,388.7931034,inf
74.13793103,388.7931034,inf
85.51724138,388.7931034,inf
96.89655172,388.7931034,inf
108.2758621,388.7931034,inf
119.6551724,388.7931034,inf
131.0344828,388.7931034,2475.156164
142.4137931,388.7931034,1259.369863
153.7931034,388.7931034,670.090411
165.1724138,388.7931034,366.0383562
176.5517241,388.7931034,204.7013699
187.9310345,388.7931034,117.139726
199.3103448,388.7931034,69.00547945
210.6896552,388.7931034,41.26575342
222.0689655,388.7931034,26.14794521
233.4482759,388.7931034,17.98082192
244.8275862,388.7931034,15.75890411
256.2068966,388.7931034,6.805479452
267.5862069,388.7931034,2.24109589
278.9655172,388.7931034,1.128767123
290.3448276,388.7931034,0.676712329
301.7241379,388.7931034,0.463013699
313.1034483,388.7931034,0.356164384
324.4827586,388.7931034,0.295890411
335.862069,388.7931034,0.260273973
347.2413793,388.7931034,0.238356164
358.6206897,388.7931034,0.224657534
370,388.7931034,0.216438356
40,399.137931,inf
51.37931034,399.137931,inf
62.75862069,399.137931,inf
74.13793103,399.137931,inf
85.51724138,399.137931,inf
96.89655172,399.137931,inf
108.2758621,399.137931,inf
119.6551724,399.137931,inf
131.0344828,399.137931,1641.945205
142.4137931,399.137931,842.0356164
153.7931034,399.137931,453.1671233
165.1724138,399.137931,250.4191781
176.5517241,399.137931,141.2246575
187.9310345,399.137931,81.41643836
199.3103448,399.137931,48.2
210.6896552,399.137931,29.31780822
222.0689655,399.137931,18.96164384
233.4482759,399.137931,13.65205479
244.8275862,399.137931,13.63287671
256.2068966,399.137931,5.167123288
267.5862069,399.137931,1.649315068
278.9655172,399.137931,0.857534247
290.3448276,399.137931,0.539726027
301.7241379,399.137931,0.391780822
313.1034483,399.137931,0.320547945
324.4827586,399.137931,0.279452055
335.862069,399.137931,0.254794521
347.2413793,399.137931,0.238356164
358.6206897,399.137931,0.22739726
370,399.137931,0.21369863
40,409.4827586,inf
51.37931034,409.4827586,inf
62.75862069,409.4827586,inf
74.13793103,409.4827586,inf
85.51724138,409.4827586,inf
96.89655172,409.4827586,inf
108.2758621,409.4827586,inf
119.6551724,409.4827586,2122.676712
131.0344828,409.4827586,728.7506849
142.4137931,409.4827586,393.9369863
153.7931034,409.4827586,219.2849315
165.1724138,409.4827586,125.1150685
176.5517241,409.4827586,73.30958904
187.9310345,409.4827586,45.01369863
199.3103448,409.4827586,28.4630137
210.6896552,409.4827586,19.54246575
222.0689655,409.4827586,14.94246575
233.4482759,409.4827586,12.8630137
244.8275862,409.4827586,8.978082192
256.2068966,409.4827586,3.347945205
267.5862069,409.4827586,1.4
278.9655172,409.4827586,0.791780822
290.3448276,409.4827586,0.528767123
301.7241379,409.4827586,0.408219178
313.1034483,409.4827586,0.345205479
324.4827586,409.4827586,0.309589041
335.862069,409.4827586,0.284931507
347.2413793,409.4827586,0.268493151
358.6206897,409.4827586,0.252054795
370,409.4827586,0.238356164
40,419.8275862,inf
51.37931034,419.8275862,inf
62.75862069,419.8275862,inf
74.13793103,419.8275862,inf
85.51724138,419.8275862,inf
96.89655172,419.8275862,inf
108.2758621,419.8275862,inf
119.6551724,419.8275862,1295.276712
131.0344828,419.8275862,457.430137
142.4137931,419.8275862,251.4849315
153.7931034,419.8275862,141.5863014
165.1724138,419.8275862,81.69315068
176.5517241,419.8275862,48.54794521
187.9310345,419.8275862,30.57260274
199.3103448,419.8275862,19.89589041
210.6896552,419.8275862,14.51506849
222.0689655,419.8275862,12.33150685
233.4482759,419.8275862,12.33972603
244.8275862,419.8275862,6.578082192
256.2068966,419.8275862,2.443835616
267.5862069,419.8275862,1.221917808
278.9655172,419.8275862,0.747945205
290.3448276,419.8275862,0.526027397
301.7241379,419.8275862,0.432876712
313.1034483,419.8275862,0.383561644
324.4827586,419.8275862,0.350684932
335.862069,419.8275862,0.331506849
347.2413793,419.8275862,0.287671233
358.6206897,419.8275862,0.304109589
370,419.8275862,0.273972603
40,430.1724138,inf
51.37931034,430.1724138,inf
62.75862069,430.1724138,inf
74.13793103,430.1724138,inf
85.51724138,430.1724138,inf
96.89655172,430.1724138,inf
108.2758621,430.1724138,inf
119.6551724,430.1724138,648.2684932
131.0344828,430.1724138,249.6575342
142.4137931,430.1724138,141.6438356
153.7931034,430.1724138,82.10136986
165.1724138,430.1724138,49.52328767
176.5517241,430.1724138,31.38082192
187.9310345,430.1724138,21.50136986
199.3103448,430.1724138,15.69863014
210.6896552,430.1724138,12.89863014
222.0689655,430.1724138,12.18082192
233.4482759,430.1724138,11.08767123
244.8275862,430.1724138,4.624657534
256.2068966,430.1724138,1.939726027
267.5862069,430.1724138,1.101369863
278.9655172,430.1724138,0.731506849
290.3448276,430.1724138,0.545205479
301.7241379,430.1724138,0.468493151
313.1034483,430.1724138,0.424657534
324.4827586,430.1724138,0.397260274
335.862069,430.1724138,0.345205479
347.2413793,430.1724138,0.320547945
358.6206897,430.1724138,0.350684932
370,430.1724138,0.309589041
40,440.5172414,inf
51.37931034,440.5172414,inf
62.75862069,440.5172414,inf
74.13793103,440.5172414,inf
85.51724138,440.5172414,inf
96.89655172,440.5172414,inf
108.2758621,440.5172414,1490.394521
119.6551724,440.5172414,359.3643836
131.0344828,440.5172414,146.4082192
142.4137931,440.5172414,84.82465753
153.7931034,440.5172414,50.22191781
165.1724138,440.5172414,31.4
176.5517241,440.5172414,21.0739726
187.9310345,440.5172414,15.71780822
199.3103448,440.5172414,13.25753425
210.6896552,440.5172414,12.96712329
222.0689655,440.5172414,14.29315068
233.4482759,440.5172414,9.506849315
244.8275862,440.5172414,3.290410959
256.2068966,440.5172414,1.616438356
267.5862069,440.5172414,1.019178082
278.9655172,440.5172414,0.736986301
290.3448276,440.5172414,0.589041096
301.7241379,440.5172414,0.517808219
313.1034483,440.5172414,0.471232877
324.4827586,440.5172414,0.402739726
335.862069,440.5172414,0.375342466
347.2413793,440.5172414,0.350684932
358.6206897,440.5172414,0.378082192
370,440.5172414,0.334246575
40,450.862069,inf
51.37931034,450.862069,inf
62.75862069,450.862069,inf
74.13793103,450.862069,inf
85.51724138,450.862069,inf
96.89655172,450.862069,inf
108.2758621,450.862069,945.4246575
119.6551724,450.862069,232.8383562
131.0344828,450.862069,98.68493151
142.4137931,450.862069,58.23561644
153.7931034,450.862069,35.31506849
165.1724138,450.862069,22.83013699
176.5517241,450.862069,16.02465753
187.9310345,450.862069,12.66575342
199.3103448,450.862069,11.76438356
210.6896552,450.862069,13.2739726
222.0689655,450.862069,16.97534247
233.4482759,450.862069,7.989041096
244.8275862,450.862069,2.561643836
256.2068966,450.862069,1.397260274
267.5862069,450.862069,0.953424658
278.9655172,450.862069,0.747945205
290.3448276,450.862069,0.638356164
301.7241379,450.862069,0.575342466
313.1034483,450.862069,0.482191781
324.4827586,450.862069,0.443835616
335.862069,450.862069,0.41369863
347.2413793,450.862069,0.383561644
358.6206897,450.862069,0.408219178
370,450.862069,0.361643836
40,461.2068966,inf
51.37931034,461.2068966,inf
62.75862069,461.2068966,inf
74.13793103,461.2068966,inf
85.51724138,461.2068966,inf
96.89655172,461.2068966,1925.717808
108.2758621,461.2068966,434.9260274
119.6551724,461.2068966,113.6547945
131.0344828,461.2068966,53.48219178
142.4137931,461.2068966,33.61917808
153.7931034,461.2068966,22.66849315
165.1724138,461.2068966,16.9260274
176.5517241,461.2068966,14.19726027
187.9310345,461.2068966,13.37534247
199.3103448,461.2068966,14.1260274
210.6896552,461.2068966,17.03561644
222.0689655,461.2068966,16.74246575
233.4482759,461.2068966,4.997260274
244.8275862,461.2068966,2.15890411
256.2068966,461.2068966,1.317808219
267.5862069,461.2068966,0.95890411
278.9655172,461.2068966,0.778082192
290.3448276,461.2068966,0.676712329
301.7241379,461.2068966,0.567123288
313.1034483,461.2068966,0.512328767
324.4827586,461.2068966,0.468493151
335.862069,461.2068966,0.446575342
347.2413793,461.2068966,0.419178082
358.6206897,461.2068966,0.430136986
370,461.2068966,0.397260274
40,471.5517241,inf
51.37931034,471.5517241,inf
62.75862069,471.5517241,inf
74.13793103,471.5517241,inf
85.51724138,471.5517241,inf
96.89655172,471.5517241,1231.430137
108.2758621,471.5517241,282.4273973
119.6551724,471.5517241,75.17534247
131.0344828,471.5517241,36.67945205
142.4137931,471.5517241,23.63013699
153.7931034,471.5517241,16.69041096
165.1724138,471.5517241,13.44657534
176.5517241,471.5517241,12.74520548
187.9310345,471.5517241,14.16986301
199.3103448,471.5517241,17.67945205
210.6896552,471.5517241,23.77534247
222.0689655,471.5517241,16.51506849
233.4482759,471.5517241,3.635616438
244.8275862,471.5517241,1.865753425
256.2068966,471.5517241,1.246575342
267.5862069,471.5517241,0.964383562
278.9655172,471.5517241,0.81369863
290.3448276,471.5517241,0.684931507
301.7241379,471.5517241,0.602739726
313.1034483,471.5517241,0.545205479
324.4827586,471.5517241,0.495890411
335.862069,471.5517241,0.487671233
347.2413793,471.5517241,0.457534247
358.6206897,471.5517241,0.449315068
370,471.5517241,0.44109589
40,481.8965517,inf
51.37931034,481.8965517,inf
62.75862069,481.8965517,inf
74.13793103,481.8965517,inf
85.51724138,481.8965517,inf
96.89655172,481.8965517,596.0164384
108.2758621,481.8965517,146.0986301
119.6551724,481.8965517,43.37808219
131.0344828,481.8965517,24.55890411
142.4137931,481.8965517,18.02465753
153.7931034,481.8965517,14.6739726
165.1724138,481.8965517,13.4
176.5517241,481.8965517,14.00273973
187.9310345,481.8965517,16.8739726
199.3103448,481.8965517,22.51780822
210.6896552,481.8965517,29.4739726
222.0689655,481.8965517,9.536986301
233.4482759,481.8965517,2.997260274
244.8275862,481.8965517,1.736986301
256.2068966,481.8965517,1.24109589
267.5862069,481.8965517,0.994520548
278.9655172,481.8965517,0.810958904
290.3448276,481.8965517,0.739726027
301.7241379,481.8965517,0.649315068
313.1034483,481.8965517,0.58630137
324.4827586,481.8965517,0.539726027
335.862069,481.8965517,0.534246575
347.2413793,481.8965517,0.512328767
358.6206897,481.8965517,0.498630137
370,481.8965517,0.498630137
40,492.2413793,inf
51.37931034,492.2413793,inf
62.75862069,492.2413793,inf
74.13793103,492.2413793,inf
85.51724138,492.2413793,1672.126027
96.89655172,492.2413793,353.3534247
108.2758621,492.2413793,89.44657534
119.6551724,492.2413793,28.22739726
131.0344828,492.2413793,17.66027397
142.4137931,492.2413793,14.50410959
153.7931034,492.2413793,13.77260274
165.1724138,492.2413793,14.83835616
176.5517241,492.2413793,17.60273973
187.9310345,492.2413793,22.52876712
199.3103448,492.2413793,30.03287671
210.6896552,492.2413793,33.2739726
222.0689655,492.2413793,5.852054795
233.4482759,492.2413793,2.602739726
244.8275862,492.2413793,1.668493151
256.2068966,492.2413793,1.263013699
267.5862069,492.2413793,1.04109589
278.9655172,492.2413793,0.821917808
290.3448276,492.2413793,0.802739726
301.7241379,492.2413793,0.706849315
313.1034483,492.2413793,0.638356164
324.4827586,492.2413793,0.6
335.862069,492.2413793,0.597260274
347.2413793,492.2413793,0.583561644
358.6206897,492.2413793,0.578082192
370,492.2413793,0.578082192
40,502.5862069,inf
51.37931034,502.5862069,inf
62.75862069,502.5862069,inf
74.13793103,502.5862069,inf
85.51724138,502.5862069,970.3753425
96.89655172,502.5862069,214.9643836
108.2758621,502.5862069,58.79178082
119.6551724,502.5862069,21.02739726
131.0344828,502.5862069,14.58356164
142.4137931,502.5862069,13.08493151
153.7931034,502.5862069,13.85753425
165.1724138,502.5862069,17.06849315
176.5517241,502.5862069,23.0109589
187.9310345,502.5862069,31.58356164
199.3103448,502.5862069,42.0739726
210.6896552,502.5862069,24.90136986
222.0689655,502.5862069,4.356164384
233.4482759,502.5862069,2.347945205
244.8275862,502.5862069,1.624657534
256.2068966,502.5862069,1.293150685
267.5862069,502.5862069,0.991780822
278.9655172,502.5862069,0.838356164
290.3448276,502.5862069,0.865753425
301.7241379,502.5862069,0.77260274
313.1034483,502.5862069,0.704109589
324.4827586,502.5862069,0.676712329
335.862069,502.5862069,0.676712329
347.2413793,502.5862069,0.676712329
358.6206897,502.5862069,0.676712329
370,502.5862069,0.569863014
40,512.9310345,inf
51.37931034,512.9310345,inf
62.75862069,512.9310345,inf
74.13793103,512.9310345,2646.443836
85.51724138,512.9310345,499.0520548
96.89655172,512.9310345,117.8849315
108.2758621,512.9310345,36.60273973
119.6551724,512.9310345,16.95890411
131.0344828,512.9310345,14.56986301
142.4137931,512.9310345,15.16438356
153.7931034,512.9310345,17.53424658
165.1724138,512.9310345,22.16986301
176.5517241,512.9310345,29.53150685
187.9310345,512.9310345,39.42465753
199.3103448,512.9310345,52.65205479
210.6896552,512.9310345,10.84657534
222.0689655,512.9310345,3.75890411
233.4482759,512.9310345,2.265753425
244.8275862,512.9310345,1.652054795
256.2068966,512.9310345,1.304109589
267.5862069,512.9310345,1.065753425
278.9655172,512.9310345,0.906849315
290.3448276,512.9310345,0.920547945
301.7241379,512.9310345,0.857534247
313.1034483,512.9310345,0.810958904
324.4827586,512.9310345,0.791780822
335.862069,512.9310345,0.791780822
347.2413793,512.9310345,0.791780822
358.6206897,512.9310345,0.671232877
370,512.9310345,0.671232877
40,523.2758621,inf
51.37931034,523.2758621,inf
62.75862069,523.2758621,inf
74.13793103,523.2758621,1753.50411
85.51724138,523.2758621,335.9013699
96.89655172,523.2758621,81.20821918
108.2758621,523.2758621,26.57260274
119.6551724,523.2758621,14.20821918
131.0344828,523.2758621,14.55342466
142.4137931,523.2758621,18.03013699
153.7931034,523.2758621,23.86575342
165.1724138,523.2758621,31.62739726
176.5517241,523.2758621,41.20821918
187.9310345,523.2758621,52.44657534
199.3103448,523.2758621,70.32876712
210.6896552,523.2758621,6.934246575
222.0689655,523.2758621,3.306849315
233.4482759,523.2758621,2.189041096
244.8275862,523.2758621,1.652054795
256.2068966,523.2758621,1.356164384
267.5862069,523.2758621,1.145205479
278.9655172,523.2758621,0.980821918
290.3448276,523.2758621,0.97260274
301.7241379,523.2758621,0.961643836
313.1034483,523.2758621,0.953424658
324.4827586,523.2758621,0.950684932
335.862069,523.2758621,0.950684932
347.2413793,523.2758621,0.950684932
358.6206897,523.2758621,0.808219178
370,523.2758621,0.808219178
40,533.6206897,inf
51.37931034,533.6206897,inf
62.75862069,533.6206897,inf
74.13793103,533.6206897,822.3917808
85.51724138,533.6206897,174.6849315
96.89655172,533.6206897,51.31780822
108.2758621,533.6206897,22.85753425
119.6551724,533.6206897,15.86575342
131.0344828,533.6206897,17.78082192
142.4137931,533.6206897,22.87671233
153.7931034,533.6206897,30.72876712
165.1724138,533.6206897,40.40821918
176.5517241,533.6206897,51.70684932
187.9310345,533.6206897,68.38356164
199.3103448,533.6206897,22.85205479
210.6896552,533.6206897,5.706849315
222.0689655,533.6206897,3.126027397
233.4482759,533.6206897,2.161643836
244.8275862,533.6206897,1.679452055
256.2068966,533.6206897,1.375342466
267.5862069,533.6206897,1.205479452
278.9655172,533.6206897,1.084931507
290.3448276,533.6206897,1.073972603
301.7241379,533.6206897,1.073972603
313.1034483,533.6206897,1.073972603
324.4827586,533.6206897,1.073972603
335.862069,533.6206897,1.073972603
347.2413793,533.6206897,0.923287671
358.6206897,533.6206897,0.923287671
370,533.6206897,0.923287671
40,543.9655172,inf
51.37931034,543.9655172,inf
62.75862069,543.9655172,inf
74.13793103,543.9655172,512.2191781
85.51724138,543.9655172,113.290411
96.89655172,543.9655172,36.59452055
108.2758621,543.9655172,20.39726027
119.6551724,543.9655172,19.25479452
131.0344828,543.9655172,24.23835616
142.4137931,543.9655172,31.53972603
153.7931034,543.9655172,41.08767123
165.1724138,543.9655172,52.08219178
176.5517241,543.9655172,65.16986301
187.9310345,543.9655172,94.78356164
199.3103448,543.9655172,12.4739726
210.6896552,543.9655172,4.947945205
222.0689655,543.9655172,2.980821918
233.4482759,543.9655172,2.167123288
244.8275862,543.9655172,1.706849315
256.2068966,543.9655172,1.38630137
267.5862069,543.9655172,1.265753425
278.9655172,543.9655172,1.21369863
290.3448276,543.9655172,1.208219178
301.7241379,543.9655172,1.208219178
313.1034483,543.9655172,1.208219178
324.4827586,543.9655172,1.208219178
335.862069,543.9655172,1.052054795
347.2413793,543.9655172,1.052054795
358.6206897,543.9655172,1.052054795
370,543.9655172,1.052054795
40,554.3103448,inf
51.37931034,554.3103448,inf
62.75862069,554.3103448,1688.079452
74.13793103,554.3103448,300.5342466
85.51724138,554.3103448,77.30684932
96.89655172,554.3103448,30.58356164
108.2758621,554.3103448,20.66575342
119.6551724,554.3103448,24.19726027
131.0344828,554.3103448,33.54794521
142.4137931,554.3103448,43.86027397
153.7931034,554.3103448,55.16712329
165.1724138,554.3103448,67.2739726
176.5517241,554.3103448,75.60547945
187.9310345,554.3103448,55.15890411
199.3103448,554.3103448,9.15890411
210.6896552,554.3103448,5.493150685
222.0689655,554.3103448,2.276712329
233.4482759,554.3103448,0.893150685
244.8275862,554.3103448,0.816438356
256.2068966,554.3103448,0.745205479
267.5862069,554.3103448,0.723287671
278.9655172,554.3103448,0.723287671
290.3448276,554.3103448,0.723287671
301.7241379,554.3103448,0.723287671
313.1034483,554.3103448,0.723287671
324.4827586,554.3103448,0.665753425
335.862069,554.3103448,0.665753425
347.2413793,554.3103448,0.665753425
358.6206897,554.3103448,0.665753425
370,554.3103448,0.665753425
40,564.6551724,inf
51.37931034,564.6551724,inf
62.75862069,564.6551724,932.9287671
74.13793103,564.6551724,178.6739726
85.51724138,564.6551724,54.19178082
96.89655172,564.6551724,28.89041096
108.2758621,564.6551724,25.32876712
119.6551724,564.6551724,31.84657534
131.0344828,564.6551724,42.90684932
142.4137931,564.6551724,54.8630137
153.7931034,564.6551724,68.01643836
165.1724138,564.6551724,81.7890411
176.5517241,564.6551724,72.80273973
187.9310345,564.6551724,23.8
199.3103448,564.6551724,7.597260274
210.6896552,564.6551724,9.75890411
222.0689655,564.6551724,1.484931507
233.4482759,564.6551724,0.369863014
244.8275862,564.6551724,0.361643836
256.2068966,564.6551724,0.353424658
267.5862069,564.6551724,0.350684932
278.9655172,564.6551724,0.350684932
290.3448276,564.6551724,0.350684932
301.7241379,564.6551724,0.350684932
313.1034483,564.6551724,0.334246575
324.4827586,564.6551724,0.334246575
335.862069,564.6551724,0.334246575
347.2413793,564.6551724,0.334246575
358.6206897,564.6551724,0.334246575
370,564.6551724,0.334246575
40,575,inf
51.37931034,575,inf
62.75862069,575,644.5808219
74.13793103,575,127.1287671
85.51724138,575,41.71780822
96.89655172,575,27.37534247
108.2758621,575,32.70958904
119.6551724,575,46.56712329
131.0344828,575,59.50958904
142.4137931,575,73.23835616
153.7931034,575,88.66849315
165.1724138,575,104.2931507
176.5517241,575,70.2
187.9310345,575,15.1369863
199.3103448,575,6.156164384
210.6896552,575,199.169863
222.0689655,575,1.090410959
233.4482759,575,0.235616438
244.8275862,575,0.230136986
256.2068966,575,0.230136986
267.5862069,575,0.230136986
278.9655172,575,0.230136986
290.3448276,575,0.230136986
301.7241379,575,0.221917808
313.1034483,575,0.221917808
324.4827586,575,0.221917808
335.862069,575,0.221917808
347.2413793,575,0.221917808
358.6206897,575,0.221917808
370,575,0.221917808
